-- --------------------------------------------------------
-- Хост:                         127.0.0.1
-- Версия на сървъра:            9.4.0 - Homebrew
-- ОС на сървъра:                macos15.4
-- HeidiSQL Версия:              12.10.0.7000
-- --------------------------------------------------------

/*!40101 SET @OLD_CHARACTER_SET_CLIENT=@@CHARACTER_SET_CLIENT */;
/*!40101 SET NAMES utf8 */;
/*!50503 SET NAMES utf8mb4 */;
/*!40103 SET @OLD_TIME_ZONE=@@TIME_ZONE */;
/*!40103 SET TIME_ZONE='+00:00' */;
/*!40014 SET @OLD_FOREIGN_KEY_CHECKS=@@FOREIGN_KEY_CHECKS, FOREIGN_KEY_CHECKS=0 */;
/*!40101 SET @OLD_SQL_MODE=@@SQL_MODE, SQL_MODE='NO_AUTO_VALUE_ON_ZERO' */;
/*!40111 SET @OLD_SQL_NOTES=@@SQL_NOTES, SQL_NOTES=0 */;


-- Дъмп на структурата на БД dbforge
CREATE DATABASE IF NOT EXISTS `dbforge` /*!40100 DEFAULT CHARACTER SET utf8mb4 COLLATE utf8mb4_unicode_ci */ /*!80016 DEFAULT ENCRYPTION='N' */;
USE `dbforge`;

-- Дъмп структура за таблица dbforge.api_tokens
CREATE TABLE IF NOT EXISTS `api_tokens` (
  `id` bigint NOT NULL AUTO_INCREMENT,
  `user_id` bigint NOT NULL,
  `token_name` varchar(255) COLLATE utf8mb4_unicode_ci NOT NULL,
  `token_hash` varchar(255) COLLATE utf8mb4_unicode_ci NOT NULL,
  `scopes` text COLLATE utf8mb4_unicode_ci,
  `last_used_at` timestamp NULL DEFAULT NULL,
  `expires_at` timestamp NULL DEFAULT NULL,
  `is_active` tinyint(1) DEFAULT '1',
  `created_at` timestamp NULL DEFAULT CURRENT_TIMESTAMP,
  `database_instance_id` bigint DEFAULT NULL,
  `updated_at` datetime(6) DEFAULT NULL,
  PRIMARY KEY (`id`),
  UNIQUE KEY `token_hash` (`token_hash`),
  KEY `idx_user_id` (`user_id`),
  KEY `idx_token_hash` (`token_hash`),
  CONSTRAINT `api_tokens_ibfk_1` FOREIGN KEY (`user_id`) REFERENCES `users` (`id`) ON DELETE CASCADE
) ENGINE=InnoDB AUTO_INCREMENT=12 DEFAULT CHARSET=utf8mb4 COLLATE=utf8mb4_unicode_ci;

-- Дъмп данни за таблица dbforge.api_tokens: ~5 rows (приблизителен брой)
INSERT INTO `api_tokens` (`id`, `user_id`, `token_name`, `token_hash`, `scopes`, `last_used_at`, `expires_at`, `is_active`, `created_at`, `database_instance_id`, `updated_at`) VALUES
	(1, 2, 'db-2-postgres_test1', '$2a$10$Z4I2JPhY3NB6ut44cwvVZOe5E0pC3jxmg5oHMJcRZm8Ey9krr/A66', NULL, NULL, NULL, 1, '2025-11-24 07:11:51', NULL, '2025-11-24 09:11:50.646182'),
	(2, 2, 'db-2-mysql_test1', '$2a$10$8hyNHBzq8ZxbnA/py9dTfe/hqtouIwsfZ.2lnnWjUaf3uhw.tCOSe', NULL, NULL, NULL, 1, '2025-11-24 07:12:07', NULL, '2025-11-24 09:12:07.441023'),
	(3, 2, 'db-2-mariadb_test1', '$2a$10$9JL/R0lXiQDmVA/4.8vJIuGVUU1kg2oT/yrdLZuC95tfDfY7yJfGS', NULL, NULL, NULL, 1, '2025-11-24 07:13:09', NULL, '2025-11-24 09:13:08.516900'),
	(4, 2, 'db-2-mongo_test1', '$2a$10$mmE8mWUAjpcxPDkYTH5RCuTicGhzAFUX8DquZlNLQyUqb7pINQIbm', NULL, NULL, NULL, 1, '2025-11-24 07:13:38', NULL, '2025-11-24 09:13:38.156095'),
	(5, 2, 'db-2-redis_test1', '$2a$10$MbbfohAnC0/N0dwmOfyI4eOO3YolpdS1zKp9HEgZemWGO4jl3VDYO', NULL, NULL, NULL, 1, '2025-11-24 07:13:57', NULL, '2025-11-24 09:13:57.136455'),
	(6, 2, 'db-2-postgre_test1', '$2a$10$.LUVQFKyX3YegIV0YAhaWexV7AVqE0ZX7qXlYSZVJ0GI9UniLCyVK', NULL, NULL, NULL, 1, '2025-11-24 07:22:28', NULL, '2025-11-24 09:22:28.412875'),
	(7, 2, 'db-2-postgres_test1', '$2a$10$dabT9n8UrA6c3vQCIlrKleh70st/UWH2qqu.UMhgYYO8mgaMuTVR6', NULL, NULL, NULL, 1, '2025-11-24 07:58:16', NULL, '2025-11-24 09:58:16.390208'),
	(9, 2, 'db-2-mysql_test2', '$2a$10$dqlLmkg8c55v2kXDVtvyFO1erl6ZXbRxtArHPa5Nr/y2xIa.mbLRK', NULL, NULL, NULL, 1, '2025-11-24 09:06:11', NULL, '2025-11-24 11:06:10.625105'),
	(10, 2, 'db-2-postgre_test11', '$2a$10$V9KqxgRy.lOJ93XT1tZquunnHiFBAuDQfO8XN7v0JclbRGilQoJWC', NULL, NULL, NULL, 1, '2025-11-24 10:10:04', NULL, '2025-11-24 12:10:04.364241'),
	(11, 2, 'db-2-nemojebrat', '$2a$10$Md9yIcdx9EiN81roPdAAM.ST7h1OJtExF6JlcBn.N0japHjaYfmIC', NULL, NULL, NULL, 1, '2025-11-24 11:27:00', NULL, '2025-11-24 13:26:59.837376');

-- Дъмп структура за таблица dbforge.audit_logs
CREATE TABLE IF NOT EXISTS `audit_logs` (
  `id` bigint NOT NULL AUTO_INCREMENT,
  `user_id` bigint DEFAULT NULL,
  `action` varchar(100) COLLATE utf8mb4_unicode_ci NOT NULL,
  `resource_type` varchar(50) COLLATE utf8mb4_unicode_ci DEFAULT NULL,
  `resource_id` bigint DEFAULT NULL,
  `ip_address` varchar(45) COLLATE utf8mb4_unicode_ci DEFAULT NULL,
  `user_agent` text COLLATE utf8mb4_unicode_ci,
  `status` enum('FAILURE','PENDING','SUCCESS') COLLATE utf8mb4_unicode_ci NOT NULL,
  `details` text COLLATE utf8mb4_unicode_ci,
  `created_at` timestamp NULL DEFAULT CURRENT_TIMESTAMP,
  `resource_name` varchar(255) COLLATE utf8mb4_unicode_ci DEFAULT NULL,
  PRIMARY KEY (`id`),
  KEY `idx_user_id` (`user_id`),
  KEY `idx_action` (`action`),
  KEY `idx_created_at` (`created_at`),
  CONSTRAINT `audit_logs_ibfk_1` FOREIGN KEY (`user_id`) REFERENCES `users` (`id`) ON DELETE SET NULL
) ENGINE=InnoDB AUTO_INCREMENT=23 DEFAULT CHARSET=utf8mb4 COLLATE=utf8mb4_unicode_ci;

-- Дъмп данни за таблица dbforge.audit_logs: ~0 rows (приблизителен брой)
INSERT INTO `audit_logs` (`id`, `user_id`, `action`, `resource_type`, `resource_id`, `ip_address`, `user_agent`, `status`, `details`, `created_at`, `resource_name`) VALUES
	(22, 2, 'DATABASE_DELETED', 'DATABASE', 11, '0:0:0:0:0:0:0:1', 'Mozilla/5.0 (Macintosh; Intel Mac OS X 10.15; rv:145.0) Gecko/20100101 Firefox/145.0', 'SUCCESS', NULL, '2025-11-24 15:54:14', 'nemojebrat');

-- Дъмп структура за таблица dbforge.daily_usage_summary
CREATE TABLE IF NOT EXISTS `daily_usage_summary` (
  `id` bigint NOT NULL AUTO_INCREMENT,
  `user_id` bigint NOT NULL,
  `usage_date` date NOT NULL,
  `total_cpu_seconds` decimal(12,2) DEFAULT '0.00',
  `total_memory_mb` decimal(12,2) DEFAULT '0.00',
  `total_storage_mb` decimal(12,2) DEFAULT '0.00',
  `total_network_mb` decimal(12,2) DEFAULT '0.00',
  `total_queries` bigint DEFAULT '0',
  `active_instances` int DEFAULT '0',
  `created_at` timestamp NULL DEFAULT CURRENT_TIMESTAMP,
  `updated_at` timestamp NULL DEFAULT CURRENT_TIMESTAMP ON UPDATE CURRENT_TIMESTAMP,
  PRIMARY KEY (`id`),
  UNIQUE KEY `unique_user_date` (`user_id`,`usage_date`),
  KEY `idx_usage_date` (`usage_date`),
  CONSTRAINT `daily_usage_summary_ibfk_1` FOREIGN KEY (`user_id`) REFERENCES `users` (`id`) ON DELETE CASCADE
) ENGINE=InnoDB DEFAULT CHARSET=utf8mb4 COLLATE=utf8mb4_unicode_ci;

-- Дъмп данни за таблица dbforge.daily_usage_summary: ~0 rows (приблизителен брой)

-- Дъмп структура за таблица dbforge.database_instances
CREATE TABLE IF NOT EXISTS `database_instances` (
  `id` bigint NOT NULL AUTO_INCREMENT,
  `user_id` bigint NOT NULL,
  `database_type_id` bigint NOT NULL,
  `database_version_id` bigint NOT NULL,
  `instance_name` varchar(255) COLLATE utf8mb4_unicode_ci NOT NULL,
  `container_id` varchar(255) COLLATE utf8mb4_unicode_ci DEFAULT NULL,
  `container_name` varchar(255) COLLATE utf8mb4_unicode_ci NOT NULL,
  `host` varchar(255) COLLATE utf8mb4_unicode_ci DEFAULT 'localhost',
  `port` int NOT NULL,
  `database_name` varchar(255) COLLATE utf8mb4_unicode_ci NOT NULL,
  `username` varchar(255) COLLATE utf8mb4_unicode_ci NOT NULL,
  `password` varchar(255) COLLATE utf8mb4_unicode_ci NOT NULL,
  `cpu_limit` varchar(255) COLLATE utf8mb4_unicode_ci DEFAULT NULL,
  `memory_limit` varchar(255) COLLATE utf8mb4_unicode_ci DEFAULT NULL,
  `storage_limit` varchar(255) COLLATE utf8mb4_unicode_ci DEFAULT NULL,
  `max_connections` int DEFAULT '20',
  `status` enum('CREATING','RUNNING','STOPPED','ERROR','DELETED') COLLATE utf8mb4_unicode_ci DEFAULT 'CREATING',
  `health_status` enum('HEALTHY','UNHEALTHY','UNKNOWN') COLLATE utf8mb4_unicode_ci DEFAULT 'UNKNOWN',
  `created_at` timestamp NULL DEFAULT CURRENT_TIMESTAMP,
  `updated_at` timestamp NULL DEFAULT CURRENT_TIMESTAMP ON UPDATE CURRENT_TIMESTAMP,
  `started_at` timestamp NULL DEFAULT NULL,
  `stopped_at` timestamp NULL DEFAULT NULL,
  `deleted_at` timestamp NULL DEFAULT NULL,
  `notes` text COLLATE utf8mb4_unicode_ci,
  `api_token` varchar(255) COLLATE utf8mb4_unicode_ci DEFAULT NULL,
  `memory_usage` bigint DEFAULT NULL,
  `storage` bigint DEFAULT NULL,
  PRIMARY KEY (`id`),
  UNIQUE KEY `container_name` (`container_name`),
  UNIQUE KEY `UKjrle88663g50typqm8ed41ltc` (`api_token`),
  KEY `database_type_id` (`database_type_id`),
  KEY `database_version_id` (`database_version_id`),
  KEY `idx_user_id` (`user_id`),
  KEY `idx_status` (`status`),
  KEY `idx_container_name` (`container_name`),
  KEY `idx_port` (`port`),
  CONSTRAINT `database_instances_ibfk_1` FOREIGN KEY (`user_id`) REFERENCES `users` (`id`) ON DELETE CASCADE,
  CONSTRAINT `database_instances_ibfk_2` FOREIGN KEY (`database_type_id`) REFERENCES `database_types` (`id`),
  CONSTRAINT `database_instances_ibfk_3` FOREIGN KEY (`database_version_id`) REFERENCES `database_versions` (`id`)
) ENGINE=InnoDB AUTO_INCREMENT=12 DEFAULT CHARSET=utf8mb4 COLLATE=utf8mb4_unicode_ci;

-- Дъмп данни за таблица dbforge.database_instances: ~5 rows (приблизителен брой)
INSERT INTO `database_instances` (`id`, `user_id`, `database_type_id`, `database_version_id`, `instance_name`, `container_id`, `container_name`, `host`, `port`, `database_name`, `username`, `password`, `cpu_limit`, `memory_limit`, `storage_limit`, `max_connections`, `status`, `health_status`, `created_at`, `updated_at`, `started_at`, `stopped_at`, `deleted_at`, `notes`, `api_token`, `memory_usage`, `storage`) VALUES
	(1, 2, 1, 1, 'postgres-test1', 'e9efc14e6e34b288fc7981f7f36453a8f725cc4d6eeb63bfaa4c968ace6b0db2', 'dbforge_2_postgres_postgres_test1', 'localhost', 10000, 'postgres_test1', 'postgres-test1', 'postgres-test1', '0.25', '256m', '1g', 20, 'DELETED', 'UNKNOWN', '2025-11-24 07:11:51', '2025-11-24 07:22:19', '2025-11-24 07:11:52', NULL, NULL, NULL, 'dfg_live_iJxAgMgaSyUyIJLPIv4wTf7hQd14Awq', 64, 10),
	(2, 2, 2, 4, 'mysql-test1', '08d6f1245e8cfea6675ee3eaee162cceadcb40861ab5c62f12ab0b8249a7de0b', 'dbforge_2_mysql_mysql_test1', 'localhost', 10010, 'mysql_test1', 'mysql-test1', 'mysql-test1', '0.25', '256m', '1g', 20, 'DELETED', 'UNKNOWN', '2025-11-24 07:12:07', '2025-11-24 07:57:01', '2025-11-24 07:12:08', NULL, NULL, NULL, 'dfg_live_irX2kzRpH9wVEV3HIHkZr', 254, 1),
	(3, 2, 3, 6, 'mariadb-test1', 'c1ed079441846c2a5581cafe4d680bbf7889d2ccecdbb3ba8e66806c62547349', 'dbforge_2_mariadb_mariadb_test1', 'localhost', 10020, 'mariadb_test1', 'mariadb-test1', 'mariadb-test1', '0.25', '256m', '1g', 20, 'DELETED', 'UNKNOWN', '2025-11-24 07:13:08', '2025-11-24 07:57:02', '2025-11-24 07:13:09', NULL, NULL, NULL, 'dfg_live_Fw9wf83bObqQmfe7KxdxBAspPZC', 247, 1),
	(4, 2, 4, 8, 'mongo-test1', 'f0f12f3e6884a8c6733a7cb55e176354e8155c0611231c2ccb62d6cfb1859a9b', 'dbforge_2_mongodb_mongo_test1', 'localhost', 10030, 'mongo_test1', 'mongo-test1', 'mongo-test1', '0.25', '256m', '1g', 20, 'DELETED', 'UNKNOWN', '2025-11-24 07:13:38', '2025-11-24 07:57:06', '2025-11-24 07:13:39', NULL, NULL, NULL, 'dfg_live_xQ7svjziW0iulbbCqUqhQlDfw', 255, 15),
	(5, 2, 5, 10, 'redis-test1', '8d4e2b737c14835ce745c2ae74f11e161cf0c1030aba5d5ca9105646794321b2', 'dbforge_2_redis_redis_test1', 'localhost', 10040, 'redis_test1', 'redis-test1', 'redis-test1', '0.25', '256m', '1g', 20, 'DELETED', 'UNKNOWN', '2025-11-24 07:13:57', '2025-11-24 07:57:08', '2025-11-24 07:13:58', NULL, NULL, NULL, 'dfg_live_WvtyuxqVns0WixSDx99bZ5', 21, 5),
	(6, 2, 1, 1, 'postgre-test1', 'e447df98899cc647b7c928ea2c59f8f4c3d165ca8d1e46ca2874c3083f1694dc', 'dbforge_2_postgresql_postgre_test1', 'localhost', 10001, 'postgre_test1', 'postgre-test1', 'postgre-test1', '0.25', '256m', '1g', 20, 'DELETED', 'UNKNOWN', '2025-11-24 07:22:28', '2025-11-24 07:57:04', '2025-11-24 07:22:29', NULL, NULL, NULL, 'dfg_live_JWxQV3qZkNEXSz4fjQ2YQTSP4ftRU', 109, 7),
	(7, 2, 1, 1, 'postgres-test1', '245a7d6eb4ac67da2e7f24658568c82f8ee37116c9945c839778534c0524687d', 'dbforge_2_postgresql_postgres_test1', 'localhost', 10002, 'postgres_test1', 'postgres-test1', 'postgres-test1', '0.25', '256m', '1g', 20, 'DELETED', 'UNKNOWN', '2025-11-24 07:58:16', '2025-11-24 09:42:09', '2025-11-24 07:58:17', NULL, NULL, NULL, 'dfg_live_PKkeQ3p4HRHRowAWCf9NjJrV', 74, 7),
	(9, 2, 2, 4, 'mysql-test2', '83d84720ffc7e122fee4ce8d26a96948d9070c8f6c5ca1ef75067f80245b2d19', 'dbforge_2_mysql_mysql_test2', 'localhost', 10011, 'mysql_test2', 'mysql-test2', 'mysql-test2', '0.25', '256m', '1g', 20, 'DELETED', 'UNKNOWN', '2025-11-24 09:06:11', '2025-11-24 09:42:10', '2025-11-24 09:06:11', NULL, NULL, NULL, 'dfg_live_xXJ1nDZGQ69D4cXeaFvl9aM', 244, 1),
	(10, 2, 1, 1, 'postgre-test11', '8f51455e794d194f49450f127a17f8bbb34d734edf8c3cd038bc8a091d43befc', 'dbforge_2_postgresql_postgre_test11', 'localhost', 10003, 'postgre_test11', 'postgre-test11', 'postgre-test11', '0.25', '256m', '1g', 20, 'DELETED', 'UNKNOWN', '2025-11-24 10:10:04', '2025-11-24 10:16:44', '2025-11-24 10:10:05', NULL, NULL, NULL, 'dfg_live_mSVLw5FCHKCXFekgLwe895cDio86Q', 113, 7),
	(11, 2, 1, 1, 'nemojebrat', '2ded4d63b55b4533ec2a49fdf7f072d4ebb827ae83264806a5e63ad2b0c06cb7', 'dbforge_2_postgresql_nemojebrat', 'localhost', 10004, 'nemojebrat', 'nemojebrat', 'nemojebrat', '0.25', '256m', '1g', 20, 'DELETED', 'UNKNOWN', '2025-11-24 11:27:00', '2025-11-24 15:54:13', '2025-11-24 11:27:02', NULL, NULL, NULL, 'dfg_live_lCJ0iNpenzpFIKS2GiLufHH2p0o', 113, 7);

-- Дъмп структура за таблица dbforge.database_types
CREATE TABLE IF NOT EXISTS `database_types` (
  `id` bigint NOT NULL AUTO_INCREMENT,
  `name` varchar(255) COLLATE utf8mb4_unicode_ci NOT NULL,
  `display_name` varchar(255) COLLATE utf8mb4_unicode_ci NOT NULL,
  `description` varchar(255) COLLATE utf8mb4_unicode_ci DEFAULT NULL,
  `icon_url` varchar(500) COLLATE utf8mb4_unicode_ci DEFAULT NULL,
  `docker_image` varchar(255) COLLATE utf8mb4_unicode_ci NOT NULL,
  `default_port` int NOT NULL,
  `is_active` tinyint(1) DEFAULT '1',
  `category` enum('SQL','NOSQL','CACHE','OTHER') COLLATE utf8mb4_unicode_ci DEFAULT 'SQL',
  `created_at` timestamp NULL DEFAULT CURRENT_TIMESTAMP,
  `updated_at` timestamp NULL DEFAULT CURRENT_TIMESTAMP ON UPDATE CURRENT_TIMESTAMP,
  PRIMARY KEY (`id`),
  UNIQUE KEY `name` (`name`),
  KEY `idx_name` (`name`),
  KEY `idx_is_active` (`is_active`)
) ENGINE=InnoDB AUTO_INCREMENT=6 DEFAULT CHARSET=utf8mb4 COLLATE=utf8mb4_unicode_ci;

-- Дъмп данни за таблица dbforge.database_types: ~5 rows (приблизителен брой)
INSERT INTO `database_types` (`id`, `name`, `display_name`, `description`, `icon_url`, `docker_image`, `default_port`, `is_active`, `category`, `created_at`, `updated_at`) VALUES
	(1, 'postgresql', 'PostgreSQL', 'Advanced open-source relational database', NULL, 'postgres', 5432, 1, 'SQL', '2025-11-24 06:57:13', '2025-11-24 07:14:47'),
	(2, 'mysql', 'MySQL', 'Popular open-source relational database', NULL, 'mysql', 3306, 1, 'SQL', '2025-11-24 06:57:13', '2025-11-24 06:57:13'),
	(3, 'mariadb', 'MariaDB', 'MySQL-compatible relational database', NULL, 'mariadb', 3306, 1, 'SQL', '2025-11-24 06:57:13', '2025-11-24 06:57:13'),
	(4, 'mongodb', 'MongoDB', 'Document-oriented NoSQL database', NULL, 'mongo', 27017, 1, 'NOSQL', '2025-11-24 06:57:13', '2025-11-24 06:57:13'),
	(5, 'redis', 'Redis', 'In-memory data structure store', NULL, 'redis', 6379, 1, 'CACHE', '2025-11-24 06:57:13', '2025-11-24 06:57:13');

-- Дъмп структура за таблица dbforge.database_versions
CREATE TABLE IF NOT EXISTS `database_versions` (
  `id` bigint NOT NULL AUTO_INCREMENT,
  `database_type_id` bigint NOT NULL,
  `version` varchar(50) COLLATE utf8mb4_unicode_ci NOT NULL,
  `docker_tag` varchar(100) COLLATE utf8mb4_unicode_ci NOT NULL,
  `is_default` tinyint(1) DEFAULT '0',
  `is_active` tinyint(1) DEFAULT '1',
  `release_date` date DEFAULT NULL,
  `end_of_life_date` date DEFAULT NULL,
  `created_at` timestamp NULL DEFAULT CURRENT_TIMESTAMP,
  `updated_at` timestamp NULL DEFAULT CURRENT_TIMESTAMP ON UPDATE CURRENT_TIMESTAMP,
  PRIMARY KEY (`id`),
  UNIQUE KEY `unique_type_version` (`database_type_id`,`version`),
  KEY `idx_database_type_id` (`database_type_id`),
  KEY `idx_is_default` (`is_default`),
  CONSTRAINT `database_versions_ibfk_1` FOREIGN KEY (`database_type_id`) REFERENCES `database_types` (`id`) ON DELETE CASCADE
) ENGINE=InnoDB AUTO_INCREMENT=12 DEFAULT CHARSET=utf8mb4 COLLATE=utf8mb4_unicode_ci;

-- Дъмп данни за таблица dbforge.database_versions: ~11 rows (приблизителен брой)
INSERT INTO `database_versions` (`id`, `database_type_id`, `version`, `docker_tag`, `is_default`, `is_active`, `release_date`, `end_of_life_date`, `created_at`, `updated_at`) VALUES
	(1, 1, '17.0', '17.0-alpine', 1, 1, '2024-09-26', NULL, '2025-11-24 06:57:13', '2025-11-24 06:57:13'),
	(2, 1, '16.6', '16.6-alpine', 0, 1, '2023-09-14', NULL, '2025-11-24 06:57:13', '2025-11-24 06:57:13'),
	(3, 1, '15.10', '15.10-alpine', 0, 1, '2022-10-13', NULL, '2025-11-24 06:57:13', '2025-11-24 06:57:13'),
	(4, 2, '9.1', '9.1', 1, 1, '2024-07-15', NULL, '2025-11-24 06:57:13', '2025-11-24 06:57:13'),
	(5, 2, '8.4', '8.4', 0, 1, '2018-04-19', NULL, '2025-11-24 06:57:13', '2025-11-24 06:57:13'),
	(6, 3, '11.6', '11.6', 1, 1, '2024-10-22', NULL, '2025-11-24 06:57:13', '2025-11-24 06:57:13'),
	(7, 3, '10.11', '10.11', 0, 1, '2023-02-16', NULL, '2025-11-24 06:57:13', '2025-11-24 06:57:13'),
	(8, 4, '8.0', '8.0', 1, 1, '2024-03-12', NULL, '2025-11-24 06:57:13', '2025-11-24 06:57:13'),
	(9, 4, '7.0', '7.0', 0, 1, '2023-08-01', NULL, '2025-11-24 06:57:13', '2025-11-24 06:57:13'),
	(10, 5, '7.4', '7.4-alpine', 1, 1, '2024-07-15', NULL, '2025-11-24 06:57:13', '2025-11-24 06:57:13'),
	(11, 5, '7.2', '7.2-alpine', 0, 1, '2023-08-15', NULL, '2025-11-24 06:57:13', '2025-11-24 06:57:13');

-- Дъмп структура за таблица dbforge.port_allocations
CREATE TABLE IF NOT EXISTS `port_allocations` (
  `id` bigint NOT NULL AUTO_INCREMENT,
  `database_type_id` bigint NOT NULL,
  `port` int NOT NULL,
  `database_instance_id` bigint DEFAULT NULL,
  `is_allocated` tinyint(1) DEFAULT '0',
  `allocated_at` timestamp NULL DEFAULT NULL,
  `released_at` timestamp NULL DEFAULT NULL,
  PRIMARY KEY (`id`),
  UNIQUE KEY `unique_port` (`port`),
  KEY `database_instance_id` (`database_instance_id`),
  KEY `idx_database_type_port` (`database_type_id`,`port`),
  KEY `idx_is_allocated` (`is_allocated`),
  CONSTRAINT `port_allocations_ibfk_1` FOREIGN KEY (`database_type_id`) REFERENCES `database_types` (`id`),
  CONSTRAINT `port_allocations_ibfk_2` FOREIGN KEY (`database_instance_id`) REFERENCES `database_instances` (`id`) ON DELETE SET NULL
) ENGINE=InnoDB AUTO_INCREMENT=636 DEFAULT CHARSET=utf8mb4 COLLATE=utf8mb4_unicode_ci;

-- Дъмп данни за таблица dbforge.port_allocations: ~500 rows (приблизителен брой)
INSERT INTO `port_allocations` (`id`, `database_type_id`, `port`, `database_instance_id`, `is_allocated`, `allocated_at`, `released_at`) VALUES
	(1, 1, 5441, NULL, 0, NULL, NULL),
	(2, 1, 5440, NULL, 0, NULL, NULL),
	(3, 1, 5439, NULL, 0, NULL, NULL),
	(4, 1, 5438, NULL, 0, NULL, NULL),
	(5, 1, 5437, NULL, 0, NULL, NULL),
	(6, 1, 5436, NULL, 0, NULL, NULL),
	(7, 1, 5435, NULL, 0, NULL, NULL),
	(8, 1, 5434, NULL, 0, NULL, NULL),
	(9, 1, 5433, NULL, 0, NULL, NULL),
	(10, 1, 5432, NULL, 0, NULL, NULL),
	(11, 1, 5451, NULL, 0, NULL, NULL),
	(12, 1, 5450, NULL, 0, NULL, NULL),
	(13, 1, 5449, NULL, 0, NULL, NULL),
	(14, 1, 5448, NULL, 0, NULL, NULL),
	(15, 1, 5447, NULL, 0, NULL, NULL),
	(16, 1, 5446, NULL, 0, NULL, NULL),
	(17, 1, 5445, NULL, 0, NULL, NULL),
	(18, 1, 5444, NULL, 0, NULL, NULL),
	(19, 1, 5443, NULL, 0, NULL, NULL),
	(20, 1, 5442, NULL, 0, NULL, NULL),
	(21, 1, 5461, NULL, 0, NULL, NULL),
	(22, 1, 5460, NULL, 0, NULL, NULL),
	(23, 1, 5459, NULL, 0, NULL, NULL),
	(24, 1, 5458, NULL, 0, NULL, NULL),
	(25, 1, 5457, NULL, 0, NULL, NULL),
	(26, 1, 5456, NULL, 0, NULL, NULL),
	(27, 1, 5455, NULL, 0, NULL, NULL),
	(28, 1, 5454, NULL, 0, NULL, NULL),
	(29, 1, 5453, NULL, 0, NULL, NULL),
	(30, 1, 5452, NULL, 0, NULL, NULL),
	(31, 1, 5471, NULL, 0, NULL, NULL),
	(32, 1, 5470, NULL, 0, NULL, NULL),
	(33, 1, 5469, NULL, 0, NULL, NULL),
	(34, 1, 5468, NULL, 0, NULL, NULL),
	(35, 1, 5467, NULL, 0, NULL, NULL),
	(36, 1, 5466, NULL, 0, NULL, NULL),
	(37, 1, 5465, NULL, 0, NULL, NULL),
	(38, 1, 5464, NULL, 0, NULL, NULL),
	(39, 1, 5463, NULL, 0, NULL, NULL),
	(40, 1, 5462, NULL, 0, NULL, NULL),
	(41, 1, 5481, NULL, 0, NULL, NULL),
	(42, 1, 5480, NULL, 0, NULL, NULL),
	(43, 1, 5479, NULL, 0, NULL, NULL),
	(44, 1, 5478, NULL, 0, NULL, NULL),
	(45, 1, 5477, NULL, 0, NULL, NULL),
	(46, 1, 5476, NULL, 0, NULL, NULL),
	(47, 1, 5475, NULL, 0, NULL, NULL),
	(48, 1, 5474, NULL, 0, NULL, NULL),
	(49, 1, 5473, NULL, 0, NULL, NULL),
	(50, 1, 5472, NULL, 0, NULL, NULL),
	(51, 1, 5491, NULL, 0, NULL, NULL),
	(52, 1, 5490, NULL, 0, NULL, NULL),
	(53, 1, 5489, NULL, 0, NULL, NULL),
	(54, 1, 5488, NULL, 0, NULL, NULL),
	(55, 1, 5487, NULL, 0, NULL, NULL),
	(56, 1, 5486, NULL, 0, NULL, NULL),
	(57, 1, 5485, NULL, 0, NULL, NULL),
	(58, 1, 5484, NULL, 0, NULL, NULL),
	(59, 1, 5483, NULL, 0, NULL, NULL),
	(60, 1, 5482, NULL, 0, NULL, NULL),
	(61, 1, 5501, NULL, 0, NULL, NULL),
	(62, 1, 5500, NULL, 0, NULL, NULL),
	(63, 1, 5499, NULL, 0, NULL, NULL),
	(64, 1, 5498, NULL, 0, NULL, NULL),
	(65, 1, 5497, NULL, 0, NULL, NULL),
	(66, 1, 5496, NULL, 0, NULL, NULL),
	(67, 1, 5495, NULL, 0, NULL, NULL),
	(68, 1, 5494, NULL, 0, NULL, NULL),
	(69, 1, 5493, NULL, 0, NULL, NULL),
	(70, 1, 5492, NULL, 0, NULL, NULL),
	(71, 1, 5511, NULL, 0, NULL, NULL),
	(72, 1, 5510, NULL, 0, NULL, NULL),
	(73, 1, 5509, NULL, 0, NULL, NULL),
	(74, 1, 5508, NULL, 0, NULL, NULL),
	(75, 1, 5507, NULL, 0, NULL, NULL),
	(76, 1, 5506, NULL, 0, NULL, NULL),
	(77, 1, 5505, NULL, 0, NULL, NULL),
	(78, 1, 5504, NULL, 0, NULL, NULL),
	(79, 1, 5503, NULL, 0, NULL, NULL),
	(80, 1, 5502, NULL, 0, NULL, NULL),
	(81, 1, 5521, NULL, 0, NULL, NULL),
	(82, 1, 5520, NULL, 0, NULL, NULL),
	(83, 1, 5519, NULL, 0, NULL, NULL),
	(84, 1, 5518, NULL, 0, NULL, NULL),
	(85, 1, 5517, NULL, 0, NULL, NULL),
	(86, 1, 5516, NULL, 0, NULL, NULL),
	(87, 1, 5515, NULL, 0, NULL, NULL),
	(88, 1, 5514, NULL, 0, NULL, NULL),
	(89, 1, 5513, NULL, 0, NULL, NULL),
	(90, 1, 5512, NULL, 0, NULL, NULL),
	(91, 1, 5531, NULL, 0, NULL, NULL),
	(92, 1, 5530, NULL, 0, NULL, NULL),
	(93, 1, 5529, NULL, 0, NULL, NULL),
	(94, 1, 5528, NULL, 0, NULL, NULL),
	(95, 1, 5527, NULL, 0, NULL, NULL),
	(96, 1, 5526, NULL, 0, NULL, NULL),
	(97, 1, 5525, NULL, 0, NULL, NULL),
	(98, 1, 5524, NULL, 0, NULL, NULL),
	(99, 1, 5523, NULL, 0, NULL, NULL),
	(100, 1, 5522, NULL, 0, NULL, NULL),
	(128, 2, 3315, NULL, 0, NULL, NULL),
	(129, 2, 3314, NULL, 0, NULL, NULL),
	(130, 2, 3313, NULL, 0, NULL, NULL),
	(131, 2, 3312, NULL, 0, NULL, NULL),
	(132, 2, 3311, NULL, 0, NULL, NULL),
	(133, 2, 3310, NULL, 0, NULL, NULL),
	(134, 2, 3309, NULL, 0, NULL, NULL),
	(135, 2, 3308, NULL, 0, NULL, NULL),
	(136, 2, 3307, NULL, 0, NULL, NULL),
	(137, 2, 3306, NULL, 0, NULL, NULL),
	(138, 2, 3325, NULL, 0, NULL, NULL),
	(139, 2, 3324, NULL, 0, NULL, NULL),
	(140, 2, 3323, NULL, 0, NULL, NULL),
	(141, 2, 3322, NULL, 0, NULL, NULL),
	(142, 2, 3321, NULL, 0, NULL, NULL),
	(143, 2, 3320, NULL, 0, NULL, NULL),
	(144, 2, 3319, NULL, 0, NULL, NULL),
	(145, 2, 3318, NULL, 0, NULL, NULL),
	(146, 2, 3317, NULL, 0, NULL, NULL),
	(147, 2, 3316, NULL, 0, NULL, NULL),
	(148, 2, 3335, NULL, 0, NULL, NULL),
	(149, 2, 3334, NULL, 0, NULL, NULL),
	(150, 2, 3333, NULL, 0, NULL, NULL),
	(151, 2, 3332, NULL, 0, NULL, NULL),
	(152, 2, 3331, NULL, 0, NULL, NULL),
	(153, 2, 3330, NULL, 0, NULL, NULL),
	(154, 2, 3329, NULL, 0, NULL, NULL),
	(155, 2, 3328, NULL, 0, NULL, NULL),
	(156, 2, 3327, NULL, 0, NULL, NULL),
	(157, 2, 3326, NULL, 0, NULL, NULL),
	(158, 2, 3345, NULL, 0, NULL, NULL),
	(159, 2, 3344, NULL, 0, NULL, NULL),
	(160, 2, 3343, NULL, 0, NULL, NULL),
	(161, 2, 3342, NULL, 0, NULL, NULL),
	(162, 2, 3341, NULL, 0, NULL, NULL),
	(163, 2, 3340, NULL, 0, NULL, NULL),
	(164, 2, 3339, NULL, 0, NULL, NULL),
	(165, 2, 3338, NULL, 0, NULL, NULL),
	(166, 2, 3337, NULL, 0, NULL, NULL),
	(167, 2, 3336, NULL, 0, NULL, NULL),
	(168, 2, 3355, NULL, 0, NULL, NULL),
	(169, 2, 3354, NULL, 0, NULL, NULL),
	(170, 2, 3353, NULL, 0, NULL, NULL),
	(171, 2, 3352, NULL, 0, NULL, NULL),
	(172, 2, 3351, NULL, 0, NULL, NULL),
	(173, 2, 3350, NULL, 0, NULL, NULL),
	(174, 2, 3349, NULL, 0, NULL, NULL),
	(175, 2, 3348, NULL, 0, NULL, NULL),
	(176, 2, 3347, NULL, 0, NULL, NULL),
	(177, 2, 3346, NULL, 0, NULL, NULL),
	(178, 2, 3365, NULL, 0, NULL, NULL),
	(179, 2, 3364, NULL, 0, NULL, NULL),
	(180, 2, 3363, NULL, 0, NULL, NULL),
	(181, 2, 3362, NULL, 0, NULL, NULL),
	(182, 2, 3361, NULL, 0, NULL, NULL),
	(183, 2, 3360, NULL, 0, NULL, NULL),
	(184, 2, 3359, NULL, 0, NULL, NULL),
	(185, 2, 3358, NULL, 0, NULL, NULL),
	(186, 2, 3357, NULL, 0, NULL, NULL),
	(187, 2, 3356, NULL, 0, NULL, NULL),
	(188, 2, 3375, NULL, 0, NULL, NULL),
	(189, 2, 3374, NULL, 0, NULL, NULL),
	(190, 2, 3373, NULL, 0, NULL, NULL),
	(191, 2, 3372, NULL, 0, NULL, NULL),
	(192, 2, 3371, NULL, 0, NULL, NULL),
	(193, 2, 3370, NULL, 0, NULL, NULL),
	(194, 2, 3369, NULL, 0, NULL, NULL),
	(195, 2, 3368, NULL, 0, NULL, NULL),
	(196, 2, 3367, NULL, 0, NULL, NULL),
	(197, 2, 3366, NULL, 0, NULL, NULL),
	(198, 2, 3385, NULL, 0, NULL, NULL),
	(199, 2, 3384, NULL, 0, NULL, NULL),
	(200, 2, 3383, NULL, 0, NULL, NULL),
	(201, 2, 3382, NULL, 0, NULL, NULL),
	(202, 2, 3381, NULL, 0, NULL, NULL),
	(203, 2, 3380, NULL, 0, NULL, NULL),
	(204, 2, 3379, NULL, 0, NULL, NULL),
	(205, 2, 3378, NULL, 0, NULL, NULL),
	(206, 2, 3377, NULL, 0, NULL, NULL),
	(207, 2, 3376, NULL, 0, NULL, NULL),
	(208, 2, 3395, NULL, 0, NULL, NULL),
	(209, 2, 3394, NULL, 0, NULL, NULL),
	(210, 2, 3393, NULL, 0, NULL, NULL),
	(211, 2, 3392, NULL, 0, NULL, NULL),
	(212, 2, 3391, NULL, 0, NULL, NULL),
	(213, 2, 3390, NULL, 0, NULL, NULL),
	(214, 2, 3389, NULL, 0, NULL, NULL),
	(215, 2, 3388, NULL, 0, NULL, NULL),
	(216, 2, 3387, NULL, 0, NULL, NULL),
	(217, 2, 3386, NULL, 0, NULL, NULL),
	(218, 2, 3405, NULL, 0, NULL, NULL),
	(219, 2, 3404, NULL, 0, NULL, NULL),
	(220, 2, 3403, NULL, 0, NULL, NULL),
	(221, 2, 3402, NULL, 0, NULL, NULL),
	(222, 2, 3401, NULL, 0, NULL, NULL),
	(223, 2, 3400, NULL, 0, NULL, NULL),
	(224, 2, 3399, NULL, 0, NULL, NULL),
	(225, 2, 3398, NULL, 0, NULL, NULL),
	(226, 2, 3397, NULL, 0, NULL, NULL),
	(227, 2, 3396, NULL, 0, NULL, NULL),
	(255, 3, 3415, NULL, 0, NULL, NULL),
	(256, 3, 3414, NULL, 0, NULL, NULL),
	(257, 3, 3413, NULL, 0, NULL, NULL),
	(258, 3, 3412, NULL, 0, NULL, NULL),
	(259, 3, 3411, NULL, 0, NULL, NULL),
	(260, 3, 3410, NULL, 0, NULL, NULL),
	(261, 3, 3409, NULL, 0, NULL, NULL),
	(262, 3, 3408, NULL, 0, NULL, NULL),
	(263, 3, 3407, NULL, 0, NULL, NULL),
	(264, 3, 3406, NULL, 0, NULL, NULL),
	(265, 3, 3425, NULL, 0, NULL, NULL),
	(266, 3, 3424, NULL, 0, NULL, NULL),
	(267, 3, 3423, NULL, 0, NULL, NULL),
	(268, 3, 3422, NULL, 0, NULL, NULL),
	(269, 3, 3421, NULL, 0, NULL, NULL),
	(270, 3, 3420, NULL, 0, NULL, NULL),
	(271, 3, 3419, NULL, 0, NULL, NULL),
	(272, 3, 3418, NULL, 0, NULL, NULL),
	(273, 3, 3417, NULL, 0, NULL, NULL),
	(274, 3, 3416, NULL, 0, NULL, NULL),
	(275, 3, 3435, NULL, 0, NULL, NULL),
	(276, 3, 3434, NULL, 0, NULL, NULL),
	(277, 3, 3433, NULL, 0, NULL, NULL),
	(278, 3, 3432, NULL, 0, NULL, NULL),
	(279, 3, 3431, NULL, 0, NULL, NULL),
	(280, 3, 3430, NULL, 0, NULL, NULL),
	(281, 3, 3429, NULL, 0, NULL, NULL),
	(282, 3, 3428, NULL, 0, NULL, NULL),
	(283, 3, 3427, NULL, 0, NULL, NULL),
	(284, 3, 3426, NULL, 0, NULL, NULL),
	(285, 3, 3445, NULL, 0, NULL, NULL),
	(286, 3, 3444, NULL, 0, NULL, NULL),
	(287, 3, 3443, NULL, 0, NULL, NULL),
	(288, 3, 3442, NULL, 0, NULL, NULL),
	(289, 3, 3441, NULL, 0, NULL, NULL),
	(290, 3, 3440, NULL, 0, NULL, NULL),
	(291, 3, 3439, NULL, 0, NULL, NULL),
	(292, 3, 3438, NULL, 0, NULL, NULL),
	(293, 3, 3437, NULL, 0, NULL, NULL),
	(294, 3, 3436, NULL, 0, NULL, NULL),
	(295, 3, 3455, NULL, 0, NULL, NULL),
	(296, 3, 3454, NULL, 0, NULL, NULL),
	(297, 3, 3453, NULL, 0, NULL, NULL),
	(298, 3, 3452, NULL, 0, NULL, NULL),
	(299, 3, 3451, NULL, 0, NULL, NULL),
	(300, 3, 3450, NULL, 0, NULL, NULL),
	(301, 3, 3449, NULL, 0, NULL, NULL),
	(302, 3, 3448, NULL, 0, NULL, NULL),
	(303, 3, 3447, NULL, 0, NULL, NULL),
	(304, 3, 3446, NULL, 0, NULL, NULL),
	(305, 3, 3465, NULL, 0, NULL, NULL),
	(306, 3, 3464, NULL, 0, NULL, NULL),
	(307, 3, 3463, NULL, 0, NULL, NULL),
	(308, 3, 3462, NULL, 0, NULL, NULL),
	(309, 3, 3461, NULL, 0, NULL, NULL),
	(310, 3, 3460, NULL, 0, NULL, NULL),
	(311, 3, 3459, NULL, 0, NULL, NULL),
	(312, 3, 3458, NULL, 0, NULL, NULL),
	(313, 3, 3457, NULL, 0, NULL, NULL),
	(314, 3, 3456, NULL, 0, NULL, NULL),
	(315, 3, 3475, NULL, 0, NULL, NULL),
	(316, 3, 3474, NULL, 0, NULL, NULL),
	(317, 3, 3473, NULL, 0, NULL, NULL),
	(318, 3, 3472, NULL, 0, NULL, NULL),
	(319, 3, 3471, NULL, 0, NULL, NULL),
	(320, 3, 3470, NULL, 0, NULL, NULL),
	(321, 3, 3469, NULL, 0, NULL, NULL),
	(322, 3, 3468, NULL, 0, NULL, NULL),
	(323, 3, 3467, NULL, 0, NULL, NULL),
	(324, 3, 3466, NULL, 0, NULL, NULL),
	(325, 3, 3485, NULL, 0, NULL, NULL),
	(326, 3, 3484, NULL, 0, NULL, NULL),
	(327, 3, 3483, NULL, 0, NULL, NULL),
	(328, 3, 3482, NULL, 0, NULL, NULL),
	(329, 3, 3481, NULL, 0, NULL, NULL),
	(330, 3, 3480, NULL, 0, NULL, NULL),
	(331, 3, 3479, NULL, 0, NULL, NULL),
	(332, 3, 3478, NULL, 0, NULL, NULL),
	(333, 3, 3477, NULL, 0, NULL, NULL),
	(334, 3, 3476, NULL, 0, NULL, NULL),
	(335, 3, 3495, NULL, 0, NULL, NULL),
	(336, 3, 3494, NULL, 0, NULL, NULL),
	(337, 3, 3493, NULL, 0, NULL, NULL),
	(338, 3, 3492, NULL, 0, NULL, NULL),
	(339, 3, 3491, NULL, 0, NULL, NULL),
	(340, 3, 3490, NULL, 0, NULL, NULL),
	(341, 3, 3489, NULL, 0, NULL, NULL),
	(342, 3, 3488, NULL, 0, NULL, NULL),
	(343, 3, 3487, NULL, 0, NULL, NULL),
	(344, 3, 3486, NULL, 0, NULL, NULL),
	(345, 3, 3505, NULL, 0, NULL, NULL),
	(346, 3, 3504, NULL, 0, NULL, NULL),
	(347, 3, 3503, NULL, 0, NULL, NULL),
	(348, 3, 3502, NULL, 0, NULL, NULL),
	(349, 3, 3501, NULL, 0, NULL, NULL),
	(350, 3, 3500, NULL, 0, NULL, NULL),
	(351, 3, 3499, NULL, 0, NULL, NULL),
	(352, 3, 3498, NULL, 0, NULL, NULL),
	(353, 3, 3497, NULL, 0, NULL, NULL),
	(354, 3, 3496, NULL, 0, NULL, NULL),
	(382, 4, 27026, NULL, 0, NULL, NULL),
	(383, 4, 27025, NULL, 0, NULL, NULL),
	(384, 4, 27024, NULL, 0, NULL, NULL),
	(385, 4, 27023, NULL, 0, NULL, NULL),
	(386, 4, 27022, NULL, 0, NULL, NULL),
	(387, 4, 27021, NULL, 0, NULL, NULL),
	(388, 4, 27020, NULL, 0, NULL, NULL),
	(389, 4, 27019, NULL, 0, NULL, NULL),
	(390, 4, 27018, NULL, 0, NULL, NULL),
	(391, 4, 27017, NULL, 0, NULL, NULL),
	(392, 4, 27036, NULL, 0, NULL, NULL),
	(393, 4, 27035, NULL, 0, NULL, NULL),
	(394, 4, 27034, NULL, 0, NULL, NULL),
	(395, 4, 27033, NULL, 0, NULL, NULL),
	(396, 4, 27032, NULL, 0, NULL, NULL),
	(397, 4, 27031, NULL, 0, NULL, NULL),
	(398, 4, 27030, NULL, 0, NULL, NULL),
	(399, 4, 27029, NULL, 0, NULL, NULL),
	(400, 4, 27028, NULL, 0, NULL, NULL),
	(401, 4, 27027, NULL, 0, NULL, NULL),
	(402, 4, 27046, NULL, 0, NULL, NULL),
	(403, 4, 27045, NULL, 0, NULL, NULL),
	(404, 4, 27044, NULL, 0, NULL, NULL),
	(405, 4, 27043, NULL, 0, NULL, NULL),
	(406, 4, 27042, NULL, 0, NULL, NULL),
	(407, 4, 27041, NULL, 0, NULL, NULL),
	(408, 4, 27040, NULL, 0, NULL, NULL),
	(409, 4, 27039, NULL, 0, NULL, NULL),
	(410, 4, 27038, NULL, 0, NULL, NULL),
	(411, 4, 27037, NULL, 0, NULL, NULL),
	(412, 4, 27056, NULL, 0, NULL, NULL),
	(413, 4, 27055, NULL, 0, NULL, NULL),
	(414, 4, 27054, NULL, 0, NULL, NULL),
	(415, 4, 27053, NULL, 0, NULL, NULL),
	(416, 4, 27052, NULL, 0, NULL, NULL),
	(417, 4, 27051, NULL, 0, NULL, NULL),
	(418, 4, 27050, NULL, 0, NULL, NULL),
	(419, 4, 27049, NULL, 0, NULL, NULL),
	(420, 4, 27048, NULL, 0, NULL, NULL),
	(421, 4, 27047, NULL, 0, NULL, NULL),
	(422, 4, 27066, NULL, 0, NULL, NULL),
	(423, 4, 27065, NULL, 0, NULL, NULL),
	(424, 4, 27064, NULL, 0, NULL, NULL),
	(425, 4, 27063, NULL, 0, NULL, NULL),
	(426, 4, 27062, NULL, 0, NULL, NULL),
	(427, 4, 27061, NULL, 0, NULL, NULL),
	(428, 4, 27060, NULL, 0, NULL, NULL),
	(429, 4, 27059, NULL, 0, NULL, NULL),
	(430, 4, 27058, NULL, 0, NULL, NULL),
	(431, 4, 27057, NULL, 0, NULL, NULL),
	(432, 4, 27076, NULL, 0, NULL, NULL),
	(433, 4, 27075, NULL, 0, NULL, NULL),
	(434, 4, 27074, NULL, 0, NULL, NULL),
	(435, 4, 27073, NULL, 0, NULL, NULL),
	(436, 4, 27072, NULL, 0, NULL, NULL),
	(437, 4, 27071, NULL, 0, NULL, NULL),
	(438, 4, 27070, NULL, 0, NULL, NULL),
	(439, 4, 27069, NULL, 0, NULL, NULL),
	(440, 4, 27068, NULL, 0, NULL, NULL),
	(441, 4, 27067, NULL, 0, NULL, NULL),
	(442, 4, 27086, NULL, 0, NULL, NULL),
	(443, 4, 27085, NULL, 0, NULL, NULL),
	(444, 4, 27084, NULL, 0, NULL, NULL),
	(445, 4, 27083, NULL, 0, NULL, NULL),
	(446, 4, 27082, NULL, 0, NULL, NULL),
	(447, 4, 27081, NULL, 0, NULL, NULL),
	(448, 4, 27080, NULL, 0, NULL, NULL),
	(449, 4, 27079, NULL, 0, NULL, NULL),
	(450, 4, 27078, NULL, 0, NULL, NULL),
	(451, 4, 27077, NULL, 0, NULL, NULL),
	(452, 4, 27096, NULL, 0, NULL, NULL),
	(453, 4, 27095, NULL, 0, NULL, NULL),
	(454, 4, 27094, NULL, 0, NULL, NULL),
	(455, 4, 27093, NULL, 0, NULL, NULL),
	(456, 4, 27092, NULL, 0, NULL, NULL),
	(457, 4, 27091, NULL, 0, NULL, NULL),
	(458, 4, 27090, NULL, 0, NULL, NULL),
	(459, 4, 27089, NULL, 0, NULL, NULL),
	(460, 4, 27088, NULL, 0, NULL, NULL),
	(461, 4, 27087, NULL, 0, NULL, NULL),
	(462, 4, 27106, NULL, 0, NULL, NULL),
	(463, 4, 27105, NULL, 0, NULL, NULL),
	(464, 4, 27104, NULL, 0, NULL, NULL),
	(465, 4, 27103, NULL, 0, NULL, NULL),
	(466, 4, 27102, NULL, 0, NULL, NULL),
	(467, 4, 27101, NULL, 0, NULL, NULL),
	(468, 4, 27100, NULL, 0, NULL, NULL),
	(469, 4, 27099, NULL, 0, NULL, NULL),
	(470, 4, 27098, NULL, 0, NULL, NULL),
	(471, 4, 27097, NULL, 0, NULL, NULL),
	(472, 4, 27116, NULL, 0, NULL, NULL),
	(473, 4, 27115, NULL, 0, NULL, NULL),
	(474, 4, 27114, NULL, 0, NULL, NULL),
	(475, 4, 27113, NULL, 0, NULL, NULL),
	(476, 4, 27112, NULL, 0, NULL, NULL),
	(477, 4, 27111, NULL, 0, NULL, NULL),
	(478, 4, 27110, NULL, 0, NULL, NULL),
	(479, 4, 27109, NULL, 0, NULL, NULL),
	(480, 4, 27108, NULL, 0, NULL, NULL),
	(481, 4, 27107, NULL, 0, NULL, NULL),
	(509, 5, 6388, NULL, 0, NULL, NULL),
	(510, 5, 6387, NULL, 0, NULL, NULL),
	(511, 5, 6386, NULL, 0, NULL, NULL),
	(512, 5, 6385, NULL, 0, NULL, NULL),
	(513, 5, 6384, NULL, 0, NULL, NULL),
	(514, 5, 6383, NULL, 0, NULL, NULL),
	(515, 5, 6382, NULL, 0, NULL, NULL),
	(516, 5, 6381, NULL, 0, NULL, NULL),
	(517, 5, 6380, NULL, 0, NULL, NULL),
	(518, 5, 6379, NULL, 0, NULL, NULL),
	(519, 5, 6398, NULL, 0, NULL, NULL),
	(520, 5, 6397, NULL, 0, NULL, NULL),
	(521, 5, 6396, NULL, 0, NULL, NULL),
	(522, 5, 6395, NULL, 0, NULL, NULL),
	(523, 5, 6394, NULL, 0, NULL, NULL),
	(524, 5, 6393, NULL, 0, NULL, NULL),
	(525, 5, 6392, NULL, 0, NULL, NULL),
	(526, 5, 6391, NULL, 0, NULL, NULL),
	(527, 5, 6390, NULL, 0, NULL, NULL),
	(528, 5, 6389, NULL, 0, NULL, NULL),
	(529, 5, 6408, NULL, 0, NULL, NULL),
	(530, 5, 6407, NULL, 0, NULL, NULL),
	(531, 5, 6406, NULL, 0, NULL, NULL),
	(532, 5, 6405, NULL, 0, NULL, NULL),
	(533, 5, 6404, NULL, 0, NULL, NULL),
	(534, 5, 6403, NULL, 0, NULL, NULL),
	(535, 5, 6402, NULL, 0, NULL, NULL),
	(536, 5, 6401, NULL, 0, NULL, NULL),
	(537, 5, 6400, NULL, 0, NULL, NULL),
	(538, 5, 6399, NULL, 0, NULL, NULL),
	(539, 5, 6418, NULL, 0, NULL, NULL),
	(540, 5, 6417, NULL, 0, NULL, NULL),
	(541, 5, 6416, NULL, 0, NULL, NULL),
	(542, 5, 6415, NULL, 0, NULL, NULL),
	(543, 5, 6414, NULL, 0, NULL, NULL),
	(544, 5, 6413, NULL, 0, NULL, NULL),
	(545, 5, 6412, NULL, 0, NULL, NULL),
	(546, 5, 6411, NULL, 0, NULL, NULL),
	(547, 5, 6410, NULL, 0, NULL, NULL),
	(548, 5, 6409, NULL, 0, NULL, NULL),
	(549, 5, 6428, NULL, 0, NULL, NULL),
	(550, 5, 6427, NULL, 0, NULL, NULL),
	(551, 5, 6426, NULL, 0, NULL, NULL),
	(552, 5, 6425, NULL, 0, NULL, NULL),
	(553, 5, 6424, NULL, 0, NULL, NULL),
	(554, 5, 6423, NULL, 0, NULL, NULL),
	(555, 5, 6422, NULL, 0, NULL, NULL),
	(556, 5, 6421, NULL, 0, NULL, NULL),
	(557, 5, 6420, NULL, 0, NULL, NULL),
	(558, 5, 6419, NULL, 0, NULL, NULL),
	(559, 5, 6438, NULL, 0, NULL, NULL),
	(560, 5, 6437, NULL, 0, NULL, NULL),
	(561, 5, 6436, NULL, 0, NULL, NULL),
	(562, 5, 6435, NULL, 0, NULL, NULL),
	(563, 5, 6434, NULL, 0, NULL, NULL),
	(564, 5, 6433, NULL, 0, NULL, NULL),
	(565, 5, 6432, NULL, 0, NULL, NULL),
	(566, 5, 6431, NULL, 0, NULL, NULL),
	(567, 5, 6430, NULL, 0, NULL, NULL),
	(568, 5, 6429, NULL, 0, NULL, NULL),
	(569, 5, 6448, NULL, 0, NULL, NULL),
	(570, 5, 6447, NULL, 0, NULL, NULL),
	(571, 5, 6446, NULL, 0, NULL, NULL),
	(572, 5, 6445, NULL, 0, NULL, NULL),
	(573, 5, 6444, NULL, 0, NULL, NULL),
	(574, 5, 6443, NULL, 0, NULL, NULL),
	(575, 5, 6442, NULL, 0, NULL, NULL),
	(576, 5, 6441, NULL, 0, NULL, NULL),
	(577, 5, 6440, NULL, 0, NULL, NULL),
	(578, 5, 6439, NULL, 0, NULL, NULL),
	(579, 5, 6458, NULL, 0, NULL, NULL),
	(580, 5, 6457, NULL, 0, NULL, NULL),
	(581, 5, 6456, NULL, 0, NULL, NULL),
	(582, 5, 6455, NULL, 0, NULL, NULL),
	(583, 5, 6454, NULL, 0, NULL, NULL),
	(584, 5, 6453, NULL, 0, NULL, NULL),
	(585, 5, 6452, NULL, 0, NULL, NULL),
	(586, 5, 6451, NULL, 0, NULL, NULL),
	(587, 5, 6450, NULL, 0, NULL, NULL),
	(588, 5, 6449, NULL, 0, NULL, NULL),
	(589, 5, 6468, NULL, 0, NULL, NULL),
	(590, 5, 6467, NULL, 0, NULL, NULL),
	(591, 5, 6466, NULL, 0, NULL, NULL),
	(592, 5, 6465, NULL, 0, NULL, NULL),
	(593, 5, 6464, NULL, 0, NULL, NULL),
	(594, 5, 6463, NULL, 0, NULL, NULL),
	(595, 5, 6462, NULL, 0, NULL, NULL),
	(596, 5, 6461, NULL, 0, NULL, NULL),
	(597, 5, 6460, NULL, 0, NULL, NULL),
	(598, 5, 6459, NULL, 0, NULL, NULL),
	(599, 5, 6478, NULL, 0, NULL, NULL),
	(600, 5, 6477, NULL, 0, NULL, NULL),
	(601, 5, 6476, NULL, 0, NULL, NULL),
	(602, 5, 6475, NULL, 0, NULL, NULL),
	(603, 5, 6474, NULL, 0, NULL, NULL),
	(604, 5, 6473, NULL, 0, NULL, NULL),
	(605, 5, 6472, NULL, 0, NULL, NULL),
	(606, 5, 6471, NULL, 0, NULL, NULL),
	(607, 5, 6470, NULL, 0, NULL, NULL),
	(608, 5, 6469, NULL, 0, NULL, NULL);

-- Дъмп структура за таблица dbforge.system_settings
CREATE TABLE IF NOT EXISTS `system_settings` (
  `id` bigint NOT NULL AUTO_INCREMENT,
  `setting_key` varchar(100) COLLATE utf8mb4_unicode_ci NOT NULL,
  `setting_value` text COLLATE utf8mb4_unicode_ci,
  `description` text COLLATE utf8mb4_unicode_ci,
  `is_public` tinyint(1) DEFAULT '0',
  `updated_at` timestamp NULL DEFAULT CURRENT_TIMESTAMP ON UPDATE CURRENT_TIMESTAMP,
  `updated_by` bigint DEFAULT NULL,
  PRIMARY KEY (`id`),
  UNIQUE KEY `setting_key` (`setting_key`),
  KEY `updated_by` (`updated_by`),
  KEY `idx_setting_key` (`setting_key`),
  CONSTRAINT `system_settings_ibfk_1` FOREIGN KEY (`updated_by`) REFERENCES `users` (`id`) ON DELETE SET NULL
) ENGINE=InnoDB AUTO_INCREMENT=9 DEFAULT CHARSET=utf8mb4 COLLATE=utf8mb4_unicode_ci;

-- Дъмп данни за таблица dbforge.system_settings: ~8 rows (приблизителен брой)
INSERT INTO `system_settings` (`id`, `setting_key`, `setting_value`, `description`, `is_public`, `updated_at`, `updated_by`) VALUES
	(1, 'max_databases_per_user', '3', 'Maximum number of databases per user (limited by 4GB RAM)', 1, '2025-11-24 06:57:13', NULL),
	(2, 'max_active_instances_total', '8', 'Maximum total active instances (4GB RAM constraint)', 0, '2025-11-24 06:57:13', NULL),
	(3, 'default_cpu_limit', '0.25', 'Default CPU cores per container', 0, '2025-11-24 06:57:13', NULL),
	(4, 'default_memory_limit', '256m', 'Default memory limit per container', 0, '2025-11-24 06:57:13', NULL),
	(5, 'default_storage_limit', '1g', 'Default storage limit per container', 0, '2025-11-24 06:57:13', NULL),
	(6, 'auto_stop_idle_minutes', '30', 'Auto-stop idle containers after X minutes', 0, '2025-11-24 06:57:13', NULL),
	(7, 'maintenance_mode', 'false', 'System-wide maintenance mode', 1, '2025-11-24 06:57:13', NULL),
	(8, 'registration_enabled', 'true', 'Allow new user registrations', 1, '2025-11-24 06:57:13', NULL);

-- Дъмп структура за таблица dbforge.usage_logs
CREATE TABLE IF NOT EXISTS `usage_logs` (
  `id` bigint NOT NULL AUTO_INCREMENT,
  `user_id` bigint NOT NULL,
  `database_instance_id` bigint DEFAULT NULL,
  `cpu_usage_seconds` decimal(12,2) DEFAULT '0.00',
  `memory_usage_mb` decimal(12,2) DEFAULT '0.00',
  `storage_usage_mb` decimal(12,2) DEFAULT '0.00',
  `network_in_mb` decimal(12,2) DEFAULT '0.00',
  `network_out_mb` decimal(12,2) DEFAULT '0.00',
  `query_count` bigint DEFAULT '0',
  `log_date` date NOT NULL,
  `log_hour` tinyint NOT NULL,
  `created_at` timestamp NULL DEFAULT CURRENT_TIMESTAMP,
  PRIMARY KEY (`id`),
  KEY `idx_user_date` (`user_id`,`log_date`),
  KEY `idx_instance_date` (`database_instance_id`,`log_date`),
  CONSTRAINT `usage_logs_ibfk_1` FOREIGN KEY (`user_id`) REFERENCES `users` (`id`) ON DELETE CASCADE,
  CONSTRAINT `usage_logs_ibfk_2` FOREIGN KEY (`database_instance_id`) REFERENCES `database_instances` (`id`) ON DELETE SET NULL
) ENGINE=InnoDB DEFAULT CHARSET=utf8mb4 COLLATE=utf8mb4_unicode_ci;

-- Дъмп данни за таблица dbforge.usage_logs: ~0 rows (приблизителен брой)

-- Дъмп структура за таблица dbforge.users
CREATE TABLE IF NOT EXISTS `users` (
  `id` bigint NOT NULL AUTO_INCREMENT,
  `username` varchar(50) COLLATE utf8mb4_unicode_ci NOT NULL,
  `email` varchar(255) COLLATE utf8mb4_unicode_ci NOT NULL,
  `password_hash` varchar(255) COLLATE utf8mb4_unicode_ci NOT NULL,
  `first_name` varchar(100) COLLATE utf8mb4_unicode_ci DEFAULT NULL,
  `last_name` varchar(100) COLLATE utf8mb4_unicode_ci DEFAULT NULL,
  `role` enum('ADMIN','EDUCATOR','STUDENT') COLLATE utf8mb4_unicode_ci DEFAULT NULL,
  `status` enum('ACTIVE','DELETED','SUSPENDED') COLLATE utf8mb4_unicode_ci DEFAULT NULL,
  `email_verified` tinyint(1) DEFAULT '0',
  `created_at` timestamp NULL DEFAULT CURRENT_TIMESTAMP,
  `updated_at` timestamp NULL DEFAULT CURRENT_TIMESTAMP ON UPDATE CURRENT_TIMESTAMP,
  `last_login_at` timestamp NULL DEFAULT NULL,
  PRIMARY KEY (`id`),
  UNIQUE KEY `username` (`username`),
  UNIQUE KEY `email` (`email`),
  KEY `idx_email` (`email`),
  KEY `idx_username` (`username`),
  KEY `idx_status` (`status`)
) ENGINE=InnoDB AUTO_INCREMENT=3 DEFAULT CHARSET=utf8mb4 COLLATE=utf8mb4_unicode_ci;

-- Дъмп данни за таблица dbforge.users: ~1 rows (приблизителен брой)
INSERT INTO `users` (`id`, `username`, `email`, `password_hash`, `first_name`, `last_name`, `role`, `status`, `email_verified`, `created_at`, `updated_at`, `last_login_at`) VALUES
	(1, 'testuser', 'test@dbforge.dev', '$2a$10$N9qo8uLOickgx2ZMRZoMye6J3r5yEBv8p1OvLxFWsNVq0vR1P.UpW', 'Test', 'User', 'STUDENT', 'ACTIVE', 1, '2025-11-24 06:57:13', '2025-11-24 06:57:13', NULL),
	(2, 'test', 'test@test.com', '$2a$10$Kbddurttwv/3yqcqhNyzDOhb90f17oxLgEAqCVB4eWbtlf5tfBK42', 'test', 'test', 'STUDENT', 'ACTIVE', 1, '2025-11-24 07:07:57', '2025-11-24 15:53:53', '2025-11-24 15:53:53');

-- Дъмп структура за таблица dbforge.user_profiles
CREATE TABLE IF NOT EXISTS `user_profiles` (
  `id` bigint NOT NULL AUTO_INCREMENT,
  `user_id` bigint NOT NULL,
  `organization` varchar(255) COLLATE utf8mb4_unicode_ci DEFAULT NULL,
  `bio` text COLLATE utf8mb4_unicode_ci,
  `avatar_url` varchar(500) COLLATE utf8mb4_unicode_ci DEFAULT NULL,
  `timezone` varchar(50) COLLATE utf8mb4_unicode_ci DEFAULT 'UTC',
  `created_at` timestamp NULL DEFAULT CURRENT_TIMESTAMP,
  `updated_at` timestamp NULL DEFAULT CURRENT_TIMESTAMP ON UPDATE CURRENT_TIMESTAMP,
  PRIMARY KEY (`id`),
  UNIQUE KEY `unique_user_profile` (`user_id`),
  CONSTRAINT `user_profiles_ibfk_1` FOREIGN KEY (`user_id`) REFERENCES `users` (`id`) ON DELETE CASCADE
) ENGINE=InnoDB DEFAULT CHARSET=utf8mb4 COLLATE=utf8mb4_unicode_ci;

-- Дъмп данни за таблица dbforge.user_profiles: ~0 rows (приблизителен брой)

/*!40103 SET TIME_ZONE=IFNULL(@OLD_TIME_ZONE, 'system') */;
/*!40101 SET SQL_MODE=IFNULL(@OLD_SQL_MODE, '') */;
/*!40014 SET FOREIGN_KEY_CHECKS=IFNULL(@OLD_FOREIGN_KEY_CHECKS, 1) */;
/*!40101 SET CHARACTER_SET_CLIENT=@OLD_CHARACTER_SET_CLIENT */;
/*!40111 SET SQL_NOTES=IFNULL(@OLD_SQL_NOTES, 1) */;
